{"cameraMode":{"drawMode":0,"name":"Shaded","section":"Shading Mode"},"sceneLighting":false,"audioPlay":false,"sceneViewState":{"showFog":true,"showMaterialUpdate":false,"showSkybox":false,"showFlares":true,"showImageEffects":true,"showParticleSystems":true},"in2DMode":false,"pivot":{"x":0.031005859375,"y":0.008154302835464478,"z":0.045166015625},"rotation":{"x":-0.04947860538959503,"y":-0.007194839417934418,"z":0.00035638976260088384,"w":-0.9987496733665466},"size":0.886383056640625,"orthographic":true}