{"cameraMode":{"drawMode":0,"name":"Shaded","section":"Shading Mode"},"sceneLighting":true,"audioPlay":false,"sceneViewState":{"showFog":true,"showMaterialUpdate":false,"showSkybox":true,"showFlares":true,"showImageEffects":true,"showParticleSystems":true},"in2DMode":false,"pivot":{"x":4.78125,"y":1.2694547176361085,"z":-0.7510285377502441},"rotation":{"x":0.02837536856532097,"y":0.09193407744169235,"z":-0.00262077571824193,"w":0.9953567385673523},"size":3.220147132873535,"orthographic":true}