{"cameraMode":{"drawMode":0,"name":"Shaded","section":"Shading Mode"},"sceneLighting":true,"audioPlay":false,"sceneViewState":{"showFog":true,"showMaterialUpdate":false,"showSkybox":true,"showFlares":true,"showImageEffects":true,"showParticleSystems":true},"in2DMode":false,"pivot":{"x":-0.7551286220550537,"y":0.5058135986328125,"z":-0.04050636291503906},"rotation":{"x":0.006497037597000599,"y":-0.9917578101158142,"z":0.11506003886461258,"w":0.056002452969551089},"size":4.7285003662109379,"orthographic":true}